Gene name (primary),Gene names (all)
PARP1,ADPRT/PARP1/PPOL
HNRNPU,C1orf199/HNRNPU/HNRPU/SAFA/U21.1
RFC1,RFC1/RFC140
LIG3,LIG3
UHRF1,hCG_23497/ICBP90/NP95/RNF106/UHRF1
TOP2A,TOP2/TOP2A
HMGA1,HMGA1/HMGIY
YY1,INO80S/YY1
TRIP12,hCG_1811426/KIAA0045/TRIP12/ULF
TOP1,TOP1
RBMX,HNRPG/RBMX/RBMXP1
TAF15,RBP56/TAF15/TAF2N
POP1,KIAA0061/POP1
NPM1,NPM/NPM1
HNRNPA1,HNRNPA1/HNRPA1
CHD1L,ALC1/CHD1L
SUPT16H,FACT140/FACTP140/SUPT16H
HMGB2,HMG2/HMGB2
DDX5,DDX5/G17P1/HELR/HLR1
HMGN1,HMG14/HMGN1
KHDRBS1,KHDRBS1/SAM68
MITD1,MITD1
GAPDH,CDABP0047/GAPD/GAPDH/OK/SW-cl.12
ALYREF,ALY/ALYREF/BEF/THOC4
ZNF512,hCG_1784442/KIAA1805/ZNF512
NSD2,KIAA1090/MMSET/NSD2/TRX5/WHSC1
XRCC6,G22P1/XRCC6
MECP2,MECP2
XRCC1,XRCC1
NUSAP1,ANKT/BM-037/NUSAP1/PRO0310
THYN1,HSPC144/MDS012/My0054/THY28/THYN1
DEK,DEK
CBX4,CBX4
SLTM,MET/SLTM
SPTY2D1,SPTY2D1
ZNF638,NP220/ZFML/ZNF638
PRRC2A,BAT2/G2/PRRC2A
XPC,XPC/XPCC
BCLAF1,BCLAF1/BTF/KIAA0164
PRRC2C,BAT2D1/BAT2L2/KIAA1096/PRRC2C/XTP2
POLDIP3,KIAA1649/PDIP46/POLDIP3
CHD2,CHD2
RBM27,KIAA1311/RBM27
THRAP3,BCLAF2/THRAP3/TRAP150
YLPM1,C14orf170/YLPM1/ZAP3
FUS,FUS/TLS
RPL8,hCG_24000/RPL8
NFIC,NFI/NFIC
MAZ,hCG_2039830/MAZ/ZNF801
ZNF281,GZP1/ZBP99/ZNF281
RBM33,PRR8/RBM33
DTX2,DTX2/KIAA1528/RNF58
CEBPB,CEBPB/PP9092/TCF5
HNRNPD,AUF1/HNRNPD/HNRPD
P4HB,ERBA2L/P4HB/PDI/PDIA1/PO4DB
HIST1H4A,/H4/A/H4/B/H4/C/H4/D/H4/E/H4/G/H4/H/H4/I/H4/J/H4/K/H4/M/H4/N/H4/O/H4F2/H4FA/H4FB/H4FC/H4FD/H4FE/H4FG/H4FH/H4FI/H4FJ/H4FK/H4FM/H4FN/H4FO/HIST1H4A/HIST1H4B/HIST1H4C/HIST1H4D/HIST1H4E/HIST1H4F/HIST1H4H/HIST1H4I/HIST1H4J/HIST1H4K/HIST1H4L/HIST2H4/HIST2H4A/HIST2H4B/HIST4H4
PDIA3,ERP57/ERP60/GRP58/PDIA3
ASPH,ASPH/BAH/hCG_1787219
SSRP1,FACT80/SSRP1
NOLC1,KIAA0035/NOLC1/NS5ATP13
H1F0,H1F0/H1FV
HIST1H1E,H1F4/HIST1H1E
HMGB1,HMG1/HMGB1
HIST1H1C,H1F2/HIST1H1C
LMNA,LMN1/LMNA
BAZ1B,BAZ1B/WBSC10/WBSCR10/WBSCR9/WSTF
TIMELESS,TIM/TIM1/TIMELESS/TIMELESS1
HMGB3,HMG2A/HMG4/HMGB3
HMGN2,HMG17/HMGN2
XRCC5,G22P2/XRCC5
DIMT1,DIMT1/DIMT1L/HUSSY-05
PRKDC,HYRC/HYRC1/PRKDC
RPL27A,RPL27A
MPG,AAG/ANPG/MID1/MPG/Z69720.1-004
RBM28,RBM28
MSH3,DUC1/DUG/MSH3
H2AFX,H2AFX/H2AX
CHTOP,C1orf77/CHTOP/FOP/HT031/PP7704
MSH6,GTBP/MSH6
NUMA1,NMP22/NUMA/NUMA1
AHCTF1,AHCTF1/ELYS/MSTP108/TMBS62
CHD1,CHD1
DIDO1,C20orf158/DATF1/DIDO1/KIAA0333
RPS3A,FTE1/hCG_2026261/MFTL/RPS3A
MKI67,MKI67
NONO,NONO/NRB54
PPHLN1,HSPC206/HSPC232/PPHLN1
ZNF512B,KIAA1196/ZNF512B
CIRBP,A18HNRNP/CIRBP/CIRP/hCG_21575
RAI1,KIAA1820/RAI1
TCF20,KIAA0292/SPBP/TCF20
ZC3H3,KIAA0150/SMICL/ZC3H3/ZC3HDC3
SAFB,HAP/HET/SAFB/SAFB1
ORC1,ORC1/ORC1L/PARC1
TOP2B,TOP2B
SCAF11,CASP11/SCAF11/SFRS2IP/SIP1/SRSF2IP
DNTTIP2,DNTTIP2/ERBP/TDIF2
DDX50,DDX50
CHD9,AD-013/CHD9/KIAA0308/KISH2/PRIC320/x0008
RRS1,KIAA0112/RRR/RRS1
WIZ,WIZ/ZNF803
HNRNPUL1,E1BAP5/HNRNPUL1/HNRPUL1
NCBP3,C17orf85/NCBP3
PHC2,EDR2/PH2/PHC2
DDX3X,DBX/DDX3/DDX3X
BUD23,BUD23/HUSSY-03/MERM1/PP3381/WBSCR22
CDKN2AIP,CARF/CDKN2AIP
FAM208A,C3orf63/FAM208A/KIAA1105/TASOR
PRR12,KIAA1205/PRR12
UBTF,UBF/UBF1/UBTF
HASPIN,GSG2/HASPIN
HMGN3,HMGN3/PNAS-24/TRIP7
ALKBH5,ABH5/ALKBH5/OFOXD1
TTF1,TTF1
HLTF,hCG_21212/HIP116A/HLTF/RNF80/SMARCA3/SNF2L3/ZBU1
SMNDC1,SMNDC1/SMNR/SPF30
HNRNPAB,ABBP1/HNRNPAB/HNRPAB
ZNF146,OZF/ZNF146
GTF2I,BAP135/GTF2I/WBSCR6
HNRNPA0,HNRNPA0/HNRPA0
ZNF646,KIAA0296/ZNF646
CBX2,CBX2
NIFK,MKI67IP/NIFK/NOPP34
ZNF740,TB7/ZNF740
ELF2,ELF2/NERF
TCF7L2,hCG_40998/TCF4/TCF7L2
ZNF770,ZNF770
C5orf24,C5orf24
ZNF174,ZNF174/ZSCAN8
RPL24,hCG_2023003/RPL24
DDX24,DDX24
KIF22,KID/KIF22/KNSL4
ZNF787,ZNF787
CGGBP1,CGGBP/CGGBP1
VIRMA,KIAA1429/MSTP054/VIRMA
PABPN1,PAB2/PABP2/PABPN1
CBX3,CBX3/hCG_1745364
PNKP,PNKP
RFC4,RFC4
APTX,APTX/AXA1
RBM6,DEF3/RBM6
DPF2,BAF45D/DPF2/REQ/UBID4
ZC3H14,FLJ11806/hCG_21080/ZC3H14
ZCCHC7,HSPC086/ZCCHC7
UTP23,C8orf53/hCG_1640093/UTP23
HNRNPUL2,HNRNPUL2/HNRPUL2
RCC2,KIAA1470/RCC2/TD60
CTCF,CTCF
RECQL,RECQ1/RECQL/RECQL1
PPP1CA,PPP1A/PPP1CA
SNRNP70,RNPU1Z/RPU1/SNRNP70/SNRP70/U1AP1
FBL,FBL/FIB1/FLRN
PPP1CB,PPP1CB
ZNF384,CAGH1/CIZ/NMP4/TNRC1/ZNF384
KIF20A,KIF20A/MKLP2/RAB6KIFL
RBM3,hCG_19813/RBM3/RNPL
KLF16,BTEB4/KLF16/NSLP2
HNRNPR,hCG_38907/HNRNPR/HNRPR
HIST1H2BK,H2BFT/HIRIP1/HIST1H2BK
HIST1H2BD,H2BFB/HIRIP2/HIST1H2BD
HIST1H3A,/H3FA/H3FB/H3FC/H3FD/H3FF/H3FH/H3FI/H3FJ/H3FK/H3FL/HIST1H3A/HIST1H3B/HIST1H3C/HIST1H3D/HIST1H3E/HIST1H3F/HIST1H3G/HIST1H3H/HIST1H3I/HIST1H3J
HIST1H2BM,H2BFE/HIST1H2BM
CBX5,CBX5/HP1A
PCMT1,PCMT1
RNF114,RNF114/ZNF228/ZNF313
HIST3H2BB,HIST3H2BB
NAT10,ALP/KIAA1709/NAT10
HNRNPC,HNRNPC/HNRPC
DDX21,DDX21
POLD3,KIAA0039/POLD3
FAM118B,FAM118B/FLJ21103/hCG_1811519
RPL13,BBC1/OK/SW-cl.46/RPL13
NUCKS1,JC7/NUCKS/NUCKS1
TCOF1,TCOF1
GART,GART/PGFT/PRGS
SMAP,C11orf58/SMAP
FEN1,FEN1/RAD2
HP1BP3,HP1BP3
MARF1,KIAA0430/LKAP/MARF1
SRSF10,FUSIP1/FUSIP2/SFRS13A/SRSF10/TASR
RPA1,REPA1/RPA1/RPA70
DHX15,DBP1/DDX15/DHX15
CCDC86,CCDC86/CYCLON
DNMT1,AIM/CXXC9/DNMT/DNMT1
RPL23A,hCG_1988529/RPL23A
DDX46,DDX46/hCG_16595/KIAA0801
NOP56,NOL5A/NOP56
SENP3,SENP3/SSP3/SUSP3
ACTB,ACTB/hCG_15971
PDS5B,APRIN/AS3/KIAA0979/PDS5B
WBP11,NPWBP/SIPP1/SNP70/WBP11
REXO4,PMC2/REXO4/XPMC2H
RPL32,PP9932/RPL32
H2AFZ,H2AFZ/H2AZ
HSPD1,HSP60/HSPD1
NOP58,HSPC120/NOL5/NOP5/NOP58
GPATCH11,CCDC75/CENP-Y/GPATCH11
LLPH,C12orf31/cPERP-G/LLPH
CHD3,CHD3
DVL2,DVL2
BZW1,BZAP45/BZW1/KIAA0005
JRK,JH8/JRK
POLA1,POLA/POLA1
LCOR,C10orf12/KIAA1795/LCOR/MLR2
RBM39,HCC1/hCG_38221/RBM39/RNPC2
DCLRE1A,DCLRE1A/KIAA0086/SNM1/SNM1A
RPL15,EC45/RPL15/TCBAP0781
HNRNPA2B1,HNRNPA2B1/HNRPA2B1
FRG1,FRG1
DTL,CDT2/CDW1/DCAF2/DTL/L2DTL/RAMP
CENPV,CENPV/PRR6
JADE3,JADE3/KIAA0215/PHF16
CHAF1A,CAF/CAF1P150/CHAF1A
HDGFL2,HDGF2/HDGFL2/HDGFRP2/HRP2/UNQ785/PRO1604
TMPO,hCG_2015322/LAP2/TMPO
IKZF5,IKZF5/ZNFN1A5
SNW1,SKIIP/SKIP/SNW1
SUB1,PC4/RPO2TC1/SUB1
NCL,NCL
IK,IK/RED/RER
EDF1,EDF1
CASC3,CASC3/MLN51
EHMT1,EHMT1/EUHMTASE1/GLP/KIAA1876/KMT1D
SERF2,FAM2C/SERF2
DDX54,DDX54
CHERP,CHERP/DAN26/SCAF6
RRP15,CGI-115/KIAA0507/RRP15
NOP16,CGI-117/HSPC111/NOP16
ZFP62,ZFP62
NIPBL,IDN3/NIPBL/SCC2
BAZ1A,ACF1/BAZ1A/HSPC317/WCRF180
KMT2A,ALL1/CXXC7/HRX/HTRX/KMT2A/MLL/MLL1/TRX1
ADNP,ADNP/ADNP1/KIAA0784
INCENP,INCENP
CHD7,CHD7/KIAA1416
KNOP1,C16orf88/FAM191A/KNOP1/TSG118
TSHZ2,C20orf17/hCG_1784586/TSH2/TSHZ2/ZNF218
TPX2,C20orf1/C20orf2/DIL2/HCA519/TPX2
CKAP2L,CKAP2L
EXOSC10,EXOSC10/PMSCL/PMSCL2/RRP6
BLM,BLM/RECQ2/RECQL3
C1orf174,C1orf174
GATAD2A,GATAD2A
SARNP,HCC1/HSPC316/SARNP
NSD1,ARA267/KMT3B/NSD1
MDC1,KIAA0170/MDC1/NFBD1
YTHDC1,KIAA1966/YT521/YTHDC1
MCM10,hCG_40780/MCM10/PRO2249
ARHGAP11A,ARHGAP11A/KIAA0013
SERBP1,CGI-55/PAIRBP1/SERBP1
BRD2,BRD2/KIAA9001/RING3
MAP7D1,KIAA1187/MAP7D1/PARCC1/PP2464/RPRC1
GTF2F1,GTF2F1/RAP74
HIRIP3,HIRIP3
GTSE1,GTSE1
MYBBP1A,MYBBP1A/P160
PIMREG,CATS/FAM64A/PIMREG/RCS1
CDK13,CDC2L/CDC2L5/CDK13/CHED/KIAA1791
MTF2,hCG_31944/MTF2/PCL2
CFDP1,BCNT/CENP-29/CFDP1
PAPD5,PAPD5
PCNP,hCG_2023069/PCNP
WDR46,BING4/C6orf11/FP221/WDR46
MBD4,MBD4/MED1
GNL2,GNL2/NGP1
DHX38,DDX38/DHX38/KIAA0224/PRP16
MORF4L2,KIAA0026/MORF4L2/MRGX
CHD8,CHD8/HELSNF1/KIAA1564
GTF2E2,GTF2E2/TF2E2
SAFB2,KIAA0138/SAFB2
PCF11,KIAA0824/PCF11
GPATCH4,GPATC4/GPATCH4
CDCA7L,CDCA7L/HR1/JPO2/R1
CCDC137,CCDC137/cPERP-B
HIST1H2BJ,H2BFR/HIST1H2BJ
BPTF,BPTF/FAC1/FALZ
DDX31,DDX31
RTF1,KIAA0252/RTF1
ECT2,ECT2
ZNF556,hCG_1748832/ZNF556
ZNF615,ZNF615
BRD3,BRD3/KIAA0043/RING3L
RRP36,C6orf153/HSPC253/RRP36
ASPM,ASPM/hCG_2039667/MCPH5
CUX1,CUTL1/CUX1
SPAST,ADPSP/FSP2/KIAA1083/SPAST/SPG4
ZNF644,KIAA1221/ZEP2/ZNF644
RIF1,RIF1
C19orf53,C19orf53/HSPC023
IWS1,IWS1/IWS1L
KDM2B,CXXC2/FBL10/FBXL10/JHDM1B/KDM2B/PCCX2
CALD1,CAD/CALD1/CDM
ZNF106,hCG_40432/SH3BP3/ZFP106/ZNF106/ZNF474
LIG1,LIG1
TICRR,C15orf42/TICRR
PRPF31,PRP31/PRPF31
CCDC59,BR22/CCDC59/HSPC128/TAP26
TEAD1,TCF13/TEAD1/TEF1
NOSIP,CGI-25/NOSIP
AFF4,AF5Q31/AFF4/HSPC092/MCEF
CHAMP1,C13orf8/CAMP/CHAMP/CHAMP1/KIAA1802/ZNF828
BCORL1,BCORL1
MAP7,MAP7
ZNF316,ZNF316
CENPF,CENPF
CCNT1,CCNT1
NSRP1,CCDC55/hCG_1646942/NSRP1/NSRP70
DDX56,DDX21/DDX56/hCG_18300/NOH61
SPIN1,OCR/SPIN/SPIN1
PBRM1,BAF180/PB1/PBRM1
DDX18,cPERP-D/DDX18
ORC2,ORC2/ORC2L
ZNF614,ZNF614
BARD1,BARD1
ZC3H8,ZC3H8/ZC3HDC8
PPP1R10,CAT53/FB19/PNUTS/PPP1R10
ZFP37,ZFP37
CWC27,CWC27/SDCCAG10/UNQ438/PRO871
PDCD4,H731/PDCD4
DCAF13,DCAF13/HSPC064/WDSOF1
PPME1,PME1/PP2593/PPME1/PRO0750
KMT5B,CGI-85/KMT5B/SUV420H1
GATA2,GATA2
ZNF800,PP902/ZNF800
CDCA5,CDCA5
CBX6,CBX6
ZNF629,KIAA0326/ZNF629/ZNF65
MBD1,CXXC3/MBD1/PCM1
EIF4H,EIF4H/KIAA0038/WBSCR1/WSCR1
FYTTD1,FYTTD1/UIF
ZBED6,ZBED6
TRPS1,TRPS1
ZC3H13,KIAA0853/ZC3H13
THAP4,CGI-36/PP238/THAP4
MAP7D3,MAP7D3/MDP3
MPHOSPH8,MPHOSPH8/MPP8
KIAA1143,KIAA1143
SRFBP1,SRFBP1
SPATS2L,DKFZP564A2416/DNAPTP6/hCG_1811464/SP1224/SPATS2L
NOP53,GLT/GLTSCR2/NOP53/PICT1
ELMSAN1,C14orf117/C14orf43/ELMSAN1
RRP1B,KIAA0179/RRP1B
USP1,USP1
PRC1,PRC1
ZNF280C,SUHW3/ZNF280C/ZNF633
VEZF1,DB1/VEZF1/ZNF161
BAZ2A,BAZ2A/KIAA0314/TIP5
SAMD1,SAMD1
PPAN,BXDC3/hCG_2033702/PPAN/SSF1
PDAP1,HASPP28/PDAP1
MLLT3,AF9/hCG_1811108/MLLT3/YEATS3
MBD2,MBD2
TRIM28,KAP1/RNF96/TIF1B/TRIM28
RPL35,RPL35
HNRNPL,HNRNPL/HNRPL/P/OKcl.14
REPIN1,REPIN1/RIP60/ZNF464
ZBED5,Buster1/ZBED5
RFX5,RFX5
CAVIN1,CAVIN1/FKSG13/PTRF
ZNF768,ZNF768
KDM2A,CXXC8/FBL7/FBXL11/JHDM1A/KDM2A/KIAA1004
ZNF148,hCG_16464/ZBP89/ZNF148
CDCA8,CDCA8/PESCRG3
GTF3C2,GTF3C2/KIAA0011
RPL19,hCG_31402/RPL19
ZNF33A,hCG_2017529/KIAA0065/KOX31/ZNF11/ZNF11A/ZNF33/ZNF33A
TOPBP1,KIAA0259/TOPBP1
NUP153,NUP153
RBMX2,CGI-79/RBMX2
BRIX1,BRIX/BRIX1/BXDC2
PSIP1,DFS70/LEDGF/PSIP1/PSIP2
ZNF766,hCG_1811957/LOC90321/ZNF766
KLF5,BTEB2/CKLF/IKLF/KLF5
LRRC41,LRRC41/MUF1/PP7759
RAD54B,RAD54B
USP37,KIAA1594/USP37
UPF3B,RENT3B/UPF3B/UPF3X
SDE2,C1orf55/SDE2
SRBD1,SRBD1
EWSR1,EWS/EWSR1
H2AFY,H2AFY/MACROH2A1
MYNN,MYNN/OSZF/SBBIZ1/ZBTB31
OGFR,hCG_21023/OGFR
RPS6KA4,MSK2/RPS6KA4
RPL17,RPL17
PES1,hCG_2010949/PES1
PHF10,BAF45A/PHF10
ZSCAN29,ZNF690/ZSCAN29
RPS10,RPS10
MEPCE,BCDIN3/MEPCE
NXF1,NXF1/TAP
ZNF687,KIAA1441/ZNF687
POLB,POLB
RPS25,RPS25
SMARCAD1,KIAA1122/SMARCAD1
SURF2,SURF2
PNRC1,PNRC1/PROL2
CENPC,CENPC/CENPC1/ICEN7
HDGF,HDGF/HMG1L2
MORC2,KIAA0852/MORC2/ZCWCC1
ZNF362,PP6997/ZNF362
ZNF219,ZNF219
ELL,C19orf17/ELL
ALKBH3,ABH3/ALKBH3/DEPC1
SETD2,HIF1/HSPC069/HYPB/KIAA1732/KMT3A/SET2/SETD2
RPS19BP1,AROS/RPS19BP1
PAX6,AN2/hCG_26499/PAX6
ENSA,ENSA
FANCI,FANCI/KIAA1794
AHDC1,AHDC1
GNL3,E2IG3/GNL3/NS
CFL1,CFL/CFL1/hCG_2039457
DHX57,DHX57
SRSF2,SFRS2/SRSF2
FAM76B,FAM76B
CWC22,CWC22/KIAA1604/NCM
ZBTB7A,FBI1/LRF/ZBTB7/ZBTB7A/ZNF857A
NFATC2IP,NFATC2IP/NIP45
FOXC2,FKHL14/FOXC2/MFH1
HMGN5,HMGN5/NSBP1
CETN2,CALT/CEN2/CETN2
ZNF48,ZNF48/ZNF553
SET,SET
MTA2,MTA1L1/MTA2/PID
POLA2,POLA2
SMARCA5,SMARCA5/SNF2H/WCRF135
TDP1,TDP1
RPS4X,CCG2/RPS4/RPS4X/SCAR
HNRNPA3,HNRNPA3/HNRPA3
PHF14,KIAA0783/PHF14
ZNF579,ZNF579
NFIA,KIAA1439/NFIA
MUS81,MUS81
CXXC5,CXXC5/HSPC195/TCCCIA00297
RRP7A,CGI-96/RRP7A
RAD17,R24L/RAD17
NTHL1,NTH1/NTHL1/OCTS3
C2orf42,C2orf42
HCFC1,HCF1/HCFC1/HFC1
RPL18A,hCG_36873/RPL18A
XPA,XPA/XPAC
PHF19,PCL3/PHF19
PAK1IP1,PAK1IP1/PIP1/WDR84
CRK,CRK
ZNF697,ZNF697
CHD4,CHD4
SH2D4A,PPP1R38/SH2A/SH2D4A
RECQL5,RECQ5/RECQL5
NELFA,NELFA/P/OKcl.15/WHSC2
AVPI1,AVPI1/NPD013/PP5395
RPL7A,RP11-244N20.10-004/RP11-244N20.10-005/RPL7A/SURF3/SURF-3
KDM1B,AOF1/C6orf193/KDM1B/LSD2
SNRPA,SNRPA
RNASEH2B,DLEU8/RNASEH2B
SREK1IP1,P18SRP/SFRS12IP1/SREK1IP1
ZCRB1,hCG_1818570/ZCRB1
CRIPT,CRIPT/HSPC139
SMC6,SMC6/SMC6L1
RRP1,D21S2056E/NNP1/NOP52/RRP1/RRP1A
UBN1,UBN1
ZNF594,KIAA1871/ZNF594
CBX8,CBX8/PC3/RC1
CSRP1,CSRP/CSRP1/CYRP
GIPC1,C19orf3/GIPC/GIPC1/RGS19IP1
XRN2,XRN2
ZNF276,CENP-Z/ZFP276/ZNF276/ZNF477
ACP1,ACP1/hCG_1784797
IMPDH2,IMPD2/IMPDH2
C7orf50,C7orf50/FP15621
ALX1,ALX1/CART1
SFPQ,PSF/SFPQ
FIP1L1,FIP1/FIP1L1/RHE
DHX33,DDX33/DHX33/hCG_1985693
ZMYND8,KIAA1125/PRKCBP1/RACK7/ZMYND8
SCNM1,SCNM1
RAVER1,KIAA1978/RAVER1
NOL7,C6orf90/NOL7/NOP27
NOP9,C14orf21/KIAA2021/NOP9
RPL31,RPL31
ZRANB2,ZIS/ZNF265/ZRANB2
FOXJ3,FOXJ3/hCG_21708/KIAA1041
FOSL2,FOSL2/FRA2
WDR74,NSA1/WDR74
UBE2T,HSPC150/PIG50/UBE2T
EME1,EME1/MMS4
GATA6,GATA6
CD3EAP,ASE1/CAST/CD3EAP/PAF49
MGMT,MGMT
SUPT6H,KIAA0162/SPT6H/SUPT6H
SNRPD2,SNRPD1/SNRPD2
LSM14B,C20orf40/FAM61B/LSM14B/RAP55B
USP7,HAUSP/USP7
RPL13A,hCG_1998057/RPL13a/RPL13A
FAM133B,FAM133B/hCG_19545/MGC40405
RCC1,CHC1/RCC1
TGIF1,TGIF/TGIF1
PIP5K1A,PIP5K1A
PYROXD1,PYROXD1
CRTC3,CRTC3/TORC3
BHLHA15,BHLHA15/BHLHB8/MIST1
TDRD3,TDRD3
PDS5A,KIAA0648/PDS5/PDS5A/PIG54
JRKL,JRKL
RPS27A,RPS27A/UBA80/UBCEP1
RUNX1,AML1/CBFA2/RUNX1
H3F3A,/H3.3A/H3.3B/H3F3/H3F3A/H3F3B/PP781
HIST3H3,H3FT/HIST3H3
TXNDC5,TLP46/TXNDC5/UNQ364/PRO700
HIST1H2BL,H2BFC/HIST1H2BL
GMDS,GMDS
WDHD1,AND1/WDHD1
ARPIN,ARPIN/C15orf38
NSUN2,NSUN2/SAKI/TRM4
PDIA6,ERP5/P5/PDIA6/TXNDC7
MYDGF,C19orf10/IL25/MYDGF
PPIA,CYPA/PPIA
PHIP,PHIP/WDR11
RSL1D1,CATX11/CSIG/L12/PBK1/RSL1D1
CGAS,C6orf150/CGAS/MB21D1
UGDH,UGDH
PARP8,PARP8
EEF1A1,EEF1A/EEF1A1/EF1A/LENG7
ATAD2,ATAD2/L16/PRO2000
SSR4,SSR4/TRAPD
TAGLN2,CDABP0035/KIAA0120/TAGLN2
RPL4,hCG_2004318/RPL1/RPL4
GTPBP4,CRFG/GTPBP4/NOG1
CPS1,CPS1
SSB,SSB
TMA7,CCDC72/HSPC016/HSPC330/TMA7
POLE,POLE/POLE1
EXO1,EXO1/EXOI/HEX1
SURF6,SURF6/SURF-6
RBBP6,My038/P2PR/PACT/RBBP6/RBQ1
SLC25A5,ANT2/SLC25A5
RNF168,RNF168
COX4I1,COX4/COX4I1
USP36,KIAA1453/USP36
IFI16,IFI16/IFNGIP1
NELFE,NELFE/RD/RDBP
LDHB,LDHB
RRP12,KIAA0690/RRP12
NSMCE1,HSPC333/HSPC337/NSMCE1
CCDC71,CCDC71
PARP2,ADPRT2/ADPRTL2/hCG_40481/PARP2
PNN,DRS/MEMA/PNN
RPS5,RPS5
ANXA2,ANX2/ANX2L4/ANXA2/CAL1H/LPC2D
ATRX,ATRX/RAD54L/XH2
ALDH18A1,ALDH18A1/GSAS/P5CS/PYCS
MRE11,HNGS1/MRE11/MRE11A
DDX10,DDX10
RPL37A,hCG_16380/RPL37A
HELLS,hCG_39170/HELLS/Nbla10143/PASG/SMARCA6
H1FX,H1FX
DDX42,DDX42
RPL10A,NEDD6/RPL10A
CCNT2,CCNT2
ZNF302,ZNF135L/ZNF140L/ZNF302/ZNF327
BMS1,BMS1/BMS1L/KIAA0187
EBNA1BP2,EBNA1BP2/EBP2/hCG_2031782
ELOA,ELOA/hCG_37551/MSTP059/TCEB3
RAN,ARA24/hCG_1744585/OK/SW-cl.81/RAN
TXN,TRDX/TRX/TRX1/TXN
RPL35A,GIG33/RPL35A
DHX37,DDX37/DHX37/KIAA1517
HDGFL3,CGI-142/HDGF2/HDGFL3/HDGFRP3
RNPS1,hCG_1989969/LDC2/RNPS1
SLF1,ANKRD32/BRCTD1/SLF1
RRP9,RNU3IP2/RRP9/U355K
ATAD5,ATAD5/C17orf41/FRAG1
BOD1L1,BOD1L/BOD1L1/FAM44A/KIAA1327
ASH1L,ASH1L/KIAA1420/KMT2H
RBM15,OTT/OTT1/RBM15
PHF3,KIAA0244/PHF3
PRDM2,KMT8/PRDM2/RIZ
RACGAP1,KIAA1478/MGCRACGAP/RACGAP1
CDCA2,CDCA2
ACIN1,ACIN1/ACINUS/KIAA0670
RSF1,HBXAP/RSF1/XAP8
SDAD1,NUC130/SDAD1
GLYR1,GLYR1/HIBDL/NP60
CKAP2,CKAP2/LB1/TMAP
NOP2,NOL1/NOP2/NSUN1
SART1,SART1
RPS6,hCG_1741512/OK/SW-cl.2/RPS6
RBMXL1,RBMXL1
ZKSCAN2,ZKSCAN2/ZNF694
ESCO2,ESCO2
RREB1,FINB/RREB1
ISG20L2,HSD38/HSD-38/ISG20L2
PHF2,CENP-35/KIAA0662/PHF2
RAD51AP1,PIR51/RAD51AP1
SPEN,KIAA0929/MINT/SHARP/SPEN
PRRC2B,BAT2L/BAT2L1/KIAA0515/PRRC2B
BUD13,BUD13
ARL6IP4,ARL6IP4
BBX,BBX/HBP2
MED1,ARC205/CRSP1/CRSP200/DRIP205/DRIP230/MED1/PBP/PPARBP/PPARGBP/RB18A/TRAP220/TRIP2
RPL29,RPL29
CAST,CAST
KIFC1,HSET/KIFC1/KNSL2
JARID2,JARID2/JMJ
ARID5B,ARID5B/DESRT/MRF2
BRWD1,BRWD1/C21orf107/WDR9
TP53BP1,TP53BP1
ANLN,ANLN
CTDSPL2,CTDSPL2/HSPC058/HSPC129
SCAF1,SCAF1/SFRS19/SRA1
PWWP2A,KIAA1935/MST101/PWWP2A
POLR1D,hCG_2020048/POLR1D
GTF3C5,CDABP0017/GTF3C5/hCG_31454
TSR1,KIAA1401/TSR1
MYC,BHLHE39/hCG_15917/MRTL/MYC
ZFP64,ZFP64/ZNF338
ZNF84,ZNF84
ZNF445,ZKSCAN15/ZNF168/ZNF445
ZNF749,ZNF749
PUM3,cPERP-C/KIAA0020/PUF-A/PUM3/XTP5
CDK12,CDK12/CRK7/CRKRS/KIAA0904
QSER1,QSER1
SLF2,C10orf6/FAM178A/SLF2
NOL12,NOL12
RBM34,KIAA0117/RBM34
MAP4,MAP4
ZNF354A,EZNF/HKL1/TCF17/ZNF354A
WDR70,WDR70
JPT2,C16orf34/HN1L/JPT2/L11
MGA,KIAA0518/MAD5/MGA
GPALPP1,AD029/GPALPP1/hCG_32794/KIAA1704/LSR7
RBM14,RBM14/SIP
ZNF668,ZNF668
BAZ2B,BAZ2B/KIAA1476
ZBTB41,FRBZ1/ZBTB41
ZFP91,FKSG11/ZFP91/ZNF757
CDYL,CDYL/CDYL1
C1orf131,C1orf131/cPERP-A/hCG_14915
NOP14,C4orf9/NOL14/NOP14/RES4-25
KMT2B,HRX2/KIAA0304/KMT2B/MLL2/MLL4/TRX2/WBP7
ZNF771,ZNF771
RPL26,RPL26
SP110,hCG_32956/SP110
HNRNPDL,hCG_22986/HNRNPDL/HNRPDL/JKTBP
HMGN4,HMG17L3/HMGN4/NHC
RPL6,RPL6/TXREB1
CIR1,CIR/CIR1
ANKRD11,ANCO1/ANKRD11
ZNF182,KOX14/ZNF182/ZNF21
DMAP1,DMAP1/KIAA1425
ZC3H18,NHN1/ZC3H18
LRIF1,C1orf103/LRIF1/RIF1
ZNF317,KIAA1588/ZNF317
ZNF121,ZNF121/ZNF20
ZNF133,ZNF133/ZNF150
PRPF3,HPRP3/PRP3/PRPF3
PNISR,C6orf111/HSPC261/HSPC306/PNISR/SFRS18/SRRP130
SP100,SP100
ZNF318,HRIHFB2436/ZNF318
ZNF841,ZNF841
ZNF417,ZNF417
ERCC6,CSB/ERCC6
SH3PXD2B,FAD49/hCG_40282/KIAA1295/SH3PXD2B/TKS4
RBM10,DXS8237E/GPATC9/GPATCH9/KIAA0122/RBM10
SUGP1,SF4/SUGP1
ZNF286A,KIAA1874/ZNF286/ZNF286A
CCDC34,CCDC34/L15/RAMA3
SETX,ALS4/KIAA0625/SCAR1/SETX
WDR76,WDR76
RPL14,RPL14
NFRKB,INO80G/NFRKB
MIS18BP1,C14orf106/hCG_1812025/KIAA1903/KNL2/M18BP1/MIS18BP1
ZC3H11A,KIAA0663/ZC3H11A/ZC3HDC11A
USP48,USP31/USP48
PCLAF,hCG_2039386/KIAA0101/L5/NS5ATP9/PAF/PCLAF
MUTYH,MUTYH/MYH
SEPT9,KIAA0991/MSF/SEPT9
RPL28,RPL28
RBM18,RBM18
TERF1,PIN2/TERF1/TRBF1/TRF/TRF1
HMGXB4,HMG2L1/HMGBCG/HMGXB4
DCUN1D5,DCUN1D5
CUL4B,CUL4B/hCG_40765/KIAA0695
ZNF830,CCDC16/ZNF830
MLLT6,AF17/MLLT6
C18orf21,C18orf21/PNAS-124/PNAS-131/XTP13
ATXN7L3,ATXN7L3
SYNCRIP,hCG_401112/HNRPQ/NSAP1/SYNCRIP
CDYL2,CDYL2
SPRTN,C1orf124/DVC1/SPRTN/UNQ1880/PRO4323
ZNF337,ZNF337
GAS2L3,GAS2L3/hCG_21805
SRSF6,SFRS6/SRP55/SRSF6
RPL37,RPL37
KIAA1522,KIAA1522
PPIG,PPIG
C11orf98,C11orf48/C11orf98/hCG_1734930
TRIM33,KIAA1113/RFG7/TIF1G/TRIM33
GTF3C1,GTF3C1
BAHD1,BAHD1/KIAA0945
FAM50A,DXS9928E/FAM50A/HXC26/XAP5
ZNF280D,KIAA1584/SUHW4/ZNF280D/ZNF634
ZNF432,KIAA0798/ZNF432
RAD18,RAD18/RNF73
UIMC1,RAP80/RXRIP110/UIMC1
CIC,CIC/KIAA0306
NOL10,NOL10
UTP11,CGI-94/HDCMB12P/UTP11/UTP11L
SMARCA4,BAF190A/BRG1/hCG_29955/SMARCA4/SNF2B/SNF2L4
KIF2C,KIF2C/KNSL6
DDX52,DDX52/HUSSY-19/ROK1
TRIR,C19orf43/TRIR
DDX17,DDX17
TFAP2A,AP2TF/hCG_37170/TFAP2/TFAP2A
SCML2,SCML2
RSBN1L,RSBN1L
ZBTB38,ZBTB38
CCNL2,CCNL2/SB138
ZNF260,ZFP260/ZNF260
CDC73,C1orf28/CDC73/HRPT2
ARID4B,ARID4B/BRCAA1/RBBP1L1/RBP1L1/SAP180
ERI2,ERI2/EXOD1/KIAA1504
HNRNPM,HNRNPM/HNRPM/NAGR1
DIEXF,C1orf107/DEF/DIEXF
NUFIP1,NUFIP1
API5,API5/MIG8
DLG3,DLG3/hCG_15353/KIAA1232
CPSF7,CPSF7
POP4,POP4/RPP29
LBR,LBR
SNIP1,SNIP1
KRI1,KRI1
GPATCH2,GPATC2/GPATCH2
ZBTB4,KIAA1538/ZBTB4
IMUP,C19orf33/IMUP
ZNF169,ZNF169
ERCC1,ERCC1
CDKL5,CDKL5/STK9
ZBTB24,KIAA0441/ZBTB24/ZNF450
ANKRD12,ANCO2/ANKRD12/KIAA0874
U2SURP,KIAA0332/SR140/U2SURP
RLF,RLF
ZNF485,ZNF485
JMJD1C,JHDM2C/JMJD1C/KIAA1380/TRIP8
RPL18,hCG_2000370/RPL18
KIF18B,KIF18B
BCLAF3,BCLAF3/CXorf23
SINHCAF,C12orf14/FAM60A/L4/SINHCAF
FOXK1,FOXK1/MNF
LENG1,LENG1
SMARCC1,BAF155/SMARCC1
SRSF4,SFRS4/SRP75/SRSF4
BNC2,BNC2
MPLKIP,C7orf11/MPLKIP/TTDN1
JPT1,ARM2/HN1/JPT1
ZMYM4,KIAA0425/ZMYM4/ZNF262
NCOR1,KIAA1047/NCOR1
ARHGAP19,ARHGAP19
CWC25,CCDC49/CWC25
NSD3,DC28/NSD3/WHSC1L1
PITX1,BFT/PITX1/PTX1
MORF4L1,FWP006/HSPC008/HSPC061/MORF4L1/MRG15/PP368
ZNF181,ZNF181
BAG1,BAG1/HAP
INTS3,C1orf193/C1orf60/INTS3
ARGLU1,ARGLU1
SMARCA1,hCG_1980650/SMARCA1/SNF2L/SNF2L1
CDC20,CDC20
KIN,BTCD/KIN/KIN17
PTTG1,EAP1/PTTG/PTTG1/TUTR1
RBM15B,OTT3/RBM15B
HMCES,C3orf37/DC12/HMCES/SRAPD1
LSG1,LSG1
WAPL,FOE/KIAA0261/WAPAL/WAPL
CDC6,CDC18L/CDC6
ESCO1,EFO1/ESCO1/KIAA1911
CUL1,CUL1
THOC2,CXorf3/THOC2
SF3B2,SAP145/SF3B2
SENP6,FKSG6/KIAA0797/SENP6/SSP1/SUSP1
CDC42EP4,BORG4/CDC42EP4/CEP4
ZNF558,ZNF558
BCOR,BCOR/KIAA1575
ZNF28,KOX24/ZNF28
CDC7,CDC7/CDC7L1
KAT7,HBO1/HBOa/KAT7/MYST2
NCOR2,CTG26/NCOR2
MFAP1,MFAP1
ZNF584,ZNF584
MPHOSPH10,MPHOSPH10/MPP10
OTUD7B,OTUD7B/RP11-212K13.2-003/ZA20D1
CCDC124,CCDC124
USP39,CGI-21/HSPC332/PRO2855/USP39
SMARCA2,BAF190B/BRM/SMARCA2/SNF2A/SNF2L2
ZNF600,ZNF600
ZBTB11,ZBTB11
FAM111B,CANP/FAM111B
ZBTB8A,BOZF1/hCG_39683/ZBTB8A
KIF18A,KIF18A/OK/SW-cl.108
KIF2A,KIF2/KIF2A/KNS2
KAT6A,KAT6A/MOZ/MYST3/RUNXBP2/ZNF220
PRDX1,PAGA/PAGB/PRDX1/TDPX2
NFX1,NFX1/NFX2
BRCA1,BRCA1/RNF53
ASXL2,ASXH2/ASXL2/KIAA1685
ZNF324B,ZNF324B
MORC3,KIAA0136/MORC3/NXP2/ZCWCC3
MCRS1,INO80Q/MCRS1/MSP58
CLK1,CLK/CLK1
SP2,KIAA0048/SP2
CHMP2B,CGI-84/CHMP2B
RNF169,KIAA1991/RNF169
CFAP97,CFAP97/KIAA1430
INO80,INO80/INO80A/INOC1/KIAA1259
SUGP2,KIAA0365/SFRS14/SUGP2
RPP38,RPP38
FOXM1,FKHL16/FOXM1/HFH11/MPP2/WIN
ACLY,ACLY
HSPE1,hCG_21429/HSPE1
ZNF765,ZNF765
TKT,TKT
BRF1,BRF/BRF1/GTF3B/TAF3B2/TAF3C
C11orf95,C11orf95
KDM6B,JMJD3/KDM6B/KIAA0346
FANCM,FANCM/KIAA1596
ELF1,ELF1
ZNF628,ZNF628
NCAPD3,CAPD3/hCAP-D3/hCG_37608/KIAA0056/NCAPD3
ZNF354B,ZNF354B
ZKSCAN8,ZKSCAN8/ZNF192
PUS7,KIAA1897/PUS7
RGS10,RGS10
MRPL2,CGI-22/MRPL2
VIM,VIM
ZNF462,KIAA1803/ZNF462
UHRF2,NIRF/RNF107/UHRF2
HIST1H2BO,H2BFH/H2BFN/HIST1H2BO
PRPF38B,hCG_39919/PRPF38B
SZRD1,C1orf144/SZRD1
TIGD2,TIGD2
IRF2BP2,IRF2BP2
HPF1,C4orf27/HPF1
C19orf47,C19orf47
DHX36,DDX36/DHX36/KIAA1488/MLEL1/RHAU
TMA16,C4orf43/TMA16
POLK,DINB1/hCG_18353/POLK
Q9UF83,
FAU,FAU
SCMH1,SCMH1
ZNF35,ZNF35
RPL5,MSTP030/RPL5
ZNF282,HUB1/ZNF282
ZFC3H1,CCDC131/hCG_25411/KIAA0546/PSRC2/ZFC3H1
GOLPH3,GOLPH3/GPP34
CXXC1,CFP1/CGBP/CXXC1/hCG_23689/PCCX1/PHF18
ZNF24,KOX17/ZNF191/ZNF24/ZSCAN3
PPIF,CYP3/PPIF
ZNF510,KIAA0972/ZNF510
SRCAP,KIAA0309/SRCAP
TAF3,TAF3
CUL4A,CUL4A
DDX27,cPERP-F/DDX27/HSPC259/PP3241/RHLP
ZNF350,ZBRK1/ZNF350
CDCA7,CDCA7/JPO1
ZC3H6,KIAA2035/ZC3H6/ZC3HDC6
MTA1,MTA1
ZNF134,ZNF134
FOXO3,FKHRL1/FOXO3/FOXO3A
ZNF443,ZNF443
NCAPG,CAPG/NCAPG/NYMEL3
ORC4,ORC4/ORC4L
ZNF672,ZNF672
CDT1,CDT1
RECQL4,RECQ4/RECQL4
IGHMBP2,IGHMBP2/SMBP2/SMUBP2
BRPF1,BR140/BRPF1
MCM9,C6orf61/MCM9/MCMDC1
RTEL1,C20orf41/KIAA1088/NHL/RTEL1
ARHGEF3,ARHGEF3
EIF4A3,DDX48/EIF4A3/KIAA0111
CCNA2,CCN1/CCNA/CCNA2
USF1,BHLHB11/hCG_20846/USF/USF1
TMSB4X,TB4X/THYB4/TMSB4/TMSB4X
ZNF358,ZNF358
MKRN2,HSPC070/MKRN2/RNF62
KMT5A,KMT5A/PRSET7/SET07/SET8/SETD8
ATN1,ATN1/D12S755E/DRPLA
UBN2,KIAA2030/UBN2
NOB1,ART4/MSTP158/NOB1/NOB1P/PSMD8BP1
PNO1,PNO1
FAM204A,C10orf84/FAM204A
RALY,HNRPCL2/P542/RALY
UFD1,UFD1/UFD1L
HIST1H1T,H1FT/H1T/HIST1H1T
TCEAL1,SIIR/TCEAL1
RPS9,hCG_2009111/RPS9
ERCC5,ERCC5/ERCM2/XPG/XPGC
CDK11B,CDC2L1/CDK11/CDK11B/PITSLREA/PK58
PPIL4,PPIL4
TBC1D13,TBC1D13
GATAD1,GATAD1/ODAG
HOXA13,HOX1J/HOXA13
FTSJ3,FTSJ3/SB92
ZCCHC4,ZCCHC4
ATAD2B,ATAD2B/KIAA1240
SENP7,KIAA1707/SENP7/SSP2/SUSP2
NKIRAS2,KBRAS2/NKIRAS2
MAMLD1,CG1/CXorf6/MAMLD1
UTP6,C17orf40/HCA66/MHAT/UTP6
TFAP4,BHLHC41/TFAP4
ZNF776,ZNF776
EHMT2,BAT8/C6orf30/EHMT2/G9A/KMT1C/NG36
ZNF92,ZNF92
MCM2,BM28/CCNL1/CDCL1/KIAA0030/MCM2
C18orf25,ARKL1/C18orf25
ATP5F1A,ATP5A/ATP5A1/ATP5AL2/ATP5F1A/ATPM
SOX12,SOX12/SOX22
WDR89,C14orf150/MSTP050/WDR89
LARP1,KIAA0731/LARP/LARP1
PTPN2,hCG_1999834/PTPN2/PTPT
UTP3,CRLZ1/SAS10/UTP3
HADHB,HADHB/MSTP029
RNF113A,RNF113/RNF113A/ZNF183
ZNF562,ZNF562
MAGED2,BCG1/hCG_18665/MAGED2
ZNF627,ZNF627
ZNF124,ZNF124
RPL21,hCG_2020044/RPL21
RBM22,199G4/RBM22/ZC3H16
THAP10,THAP10
SLX4,BTBD12/KIAA1784/KIAA1987/SLX4
CABIN1,CABIN1/hCG_41092/KIAA0330
SART3,KIAA0156/SART3/TIP110
ZNF394,ZKSCAN14/ZNF394
TOP3A,TOP3/TOP3A
SLC4A1AP,HLC3/SLC4A1AP
FNBP4,FBP30/FNBP4/KIAA1014
ZFHX3,ATBF1/ZFHX3
ARID4A,ARID4A/RBBP1/RBP1
RPS23,RPS23
KRT8,CYK8/KRT8
PPIL2,PPIL2
MRGBP,C20orf20/MRGBP
ZNF439,ZNF439
SIN3B,KIAA0700/SIN3B
MICAL3,KIAA0819/KIAA1364/MICAL3
SMARCAL1,HARP/SMARCAL1
REXO1,ELOABP1/KIAA1138/REXO1/TCEB3BP1
KIF21B,KIAA0449/KIF21B
PPIP5K2,HISPPD1/KIAA0433/PPIP5K2/VIP2
S100A16,AAG13/S100A16/S100F
ARHGAP23,ARHGAP23/KIAA1501
QRICH1,QRICH1
EIF4B,EIF4B
MXI1,BHLHC11/MXI1
FAM192A,C16orf94/CDA018/CDA10/FAM192A/NIP30
ZNF652,hCG_27356/KIAA0924/ZNF652
MLH1,COCA2/MLH1
ZNF26,KOX20/ZNF26
ZNF2,DKFZp686D2168/hCG_1746204/ZNF2/ZNF661
PIN1,PIN1
MZF1,MZF/MZF1/ZNF42/ZSCAN6
PHC3,EDR3/hCG_2021666/PH3/PHC3
PRR14,PRR14
GSE1,GSE1/KIAA0182
RERE,ARG/ARP/ATN1L/hCG_2008872/KIAA0458/RERE
SDHA,SDH2/SDHA/SDHF
TNKS1BP1,KIAA1741/TAB182/TNKS1BP1
PPIE,CYP33/PPIE
MAPRE1,MAPRE1
ZSCAN32,HCCS5/ZNF434/ZSCAN32
SMCHD1,KIAA0650/SMCHD1
COBL,COBL/KIAA0633
NEIL1,NEIL1
INTS13,ASUN/C12orf11/GCT1/INTS13
APEX1,APE/APE1/APEX/APEX1/APX/HAP1/REF1
NHEJ1,hCG_2043685/NHEJ1/XLF
STMN1,C1orf215/LAP18/OP18/STMN1
SRSF7,hCG_15878/SFRS7/SRSF7
TRA2B,SFRS10/TRA2B
ACTR8,ACTR8/ARP8/INO80N
PHF6,CENP-31/hCG_1783600/KIAA1823/PHF6
PSRC1,DDA3/FP3214/PSRC1
MYH9,MYH9
PSPC1,PSP1/PSPC1
GNL3L,GNL3L
VPS72,TCFL1/VPS72/YL1
C16orf87,C16orf87
ZNF609,KIAA0295/ZNF609
MCM4,CDC21/MCM4
NLRP13,NALP13/NLRP13/NOD14
FRA10AC1,C10orf4/FRA10AC1/PRO2972
DUSP11,DUSP11/PIR1
MATR3,DKFZp686L22104/KIAA0723/MATR3
SRSF5,HRS/SFRS5/SRP40/SRSF5
CHMP4C,CHMP4C/SHAX3
RPL11,RPL11
AGAP3,AGAP3/CENTG3
RPS14,PRO2640/RPS14
ASAP2,ASAP2/DDEF2/KIAA0400
GPATCH1,ECGP/GPATC1/GPATCH1
EXOSC9,EXOSC9/hCG_38830/PMSCL1
CCT4,CCT4/CCTD/SRB
DIS3,DIS3/hCG_32200/KIAA1008/RRP44
DDB2,DDB2
CWF19L1,CWF19L1
L3MBTL3,KIAA1798/L3MBTL3/MBT1
CMTR1,CMTR1/FTSJD2/KIAA0082/MTR1
USF2,BHLHB12/USF2
TAF1,BA2R/CCG1/CCGS/TAF1/TAF2A
BAP1,BAP1/hucep-13/hucep-6/KIAA0272
SSPO,KIAA2036/SSPO
ZBTB48,HKR3/TZAP/ZBTB48/ZNF855
TRIM24,RNF82/TIF1/TIF1A/TRIM24
FCF1,C14orf111/CGI-35/FCF1/hCG_22352
MRTO4,C1orf33/MRT4/MRTO4
NR4A1,GFRP1/HMR/NAK1/NR4A1
HUWE1,HSPC272/HUWE1/KIAA0312/KIAA1578/UREB1
CREB1,CREB1
HOXC13,HOX3G/HOXC13
SRP68,SRP68
SAMHD1,MOP5/SAMHD1
HAUS6,DGT6/FAM29A/HAUS6/KIAA1574
C1D,C1D
SKP2,FBXL1/SKP2
MARCKS,MACS/MARCKS/PRKCSL
SUN1,KIAA0810/SUN1/UNC84A
WRNIP1,WHIP/WRNIP1
C15orf40,C15orf40
ARHGAP17,ARHGAP17/MSTP066/MSTP110/RICH1
ATXN10,ATXN10/SCA10
C8orf37,C8orf37/smalltalk
ELAC2,ELAC2/hCG_29734/HPC2
DLGAP5,DLG7/DLGAP5/KIAA0008
ZNHIT3,TRIP3/ZNHIT3
HDAC4,HDAC4/KIAA0288
KRR1,HRB2/KRR1
NAF1,NAF1
TLK1,hCG_15833/KIAA0137/TLK1
UNG,DGU/DKFZp781L1143/UNG/UNG1/UNG15
EP300,EP300/P300
CHMP4A,C14orf123/CDA04/CHMP4A/HSPC134/SHAX2
TSNAX,TRAX/TSNAX
FBXO38,FBXO38/SP329
RCOR1,KIAA0071/RCOR/RCOR1
ZNF341,ZNF341
NUDC,NUDC
USP13,ISOT3/USP13
PUS1,PP8985/PUS1
UBE2V1,CROC1/hCG_2018358/P/OKcl.19/UBE2V/UBE2V1/UEV1
RBM19,KIAA0682/RBM19
ZCCHC10,hCG_1639963/ZCCHC10
MAP3K20,HCCS4/MAP3K20/MLTK/ZAK
CENPT,C16orf56/CENPT/ICEN22
TRUB1,PUS4/TRUB1
SMARCC2,BAF170/SMARCC2
RPP30,RNASEP2/RPP30
DNAJC9,DNAJC9
RNF166,RNF166
ARL3,ARFL3/ARL3
DLGAP4,DAP4/DLGAP4/hCG_2020065/KIAA0964/SAPAP4
PRR3,CAT56/PRR3
STAG1,DKFZp781D1416/SA1/SCC3/STAG1
PRPF4B,KIAA0536/PRP4/PRP4H/PRP4K/PRPF4B
HNRNPF,HNRNPF/HNRPF
UBXN6,UBXD1/UBXDC2/UBXN6
SCAF8,CCAP7/KIAA1116/RBM16/SCAF8
HES1,BHLHB39/HES1/HL/HRY
EMSY,C11orf30/EMSY/GL002
KANSL3,KANSL3/KIAA1310/NSL3/PRTD/SI1
NKIRAS1,hCG_1778083/KBRAS1/NKIRAS1
CD2BP2,CD2BP2/KIAA1178
CCDC9B,C15orf52/CCDC9B
TASP1,C20orf13/TASP1
SKI,SKI
BCCIP,BCCIP/TOK1
ZNF622,ZNF622/ZPR9
TAF7,TAF2F/TAF7/TAFII55
ING3,HSPC301/ING3
CCAR1,CARP1/CCAR1/DIS
NVL,NVL
BUD31,BUD31/EDG2
CLASRP,CLASRP/hCG_22138/SFRS16/SWAP2/UNQ2428/PRO4988
PTBP1,hCG_20560/PTB/PTBP1
FAM103A1,C15orf18/FAM103A1
ZNF782,ZNF782
ZNF707,ZNF707
ZBTB5,KIAA0354/ZBTB5
KIF4A,KIF4/KIF4A
WAC,KIAA1844/WAC
ERC1,ELKS/ERC1/KIAA1081/RAB6IP2
NOL8,C9orf34/NOL8/NOP132
MAD1L1,MAD1/MAD1L1/TXBP181
WDR43,KIAA0007/UTP5/WDR43
DENND1A,DENND1A/FAM31A/KIAA1608
FBXO5,EMI1/FBX5/FBXO5
HK2,HK2
TPR,TPR
MAP2K4,JNKK1/MAP2K4/MEK4/MKK4/PRKMK4/SEK1/SERK1/SKK1
EIF2S3,EIF2G/EIF2S3
ZNF71,EZFIT/ZNF71
LARP4,LARP4/PP13296
RPRD2,HSPC099/KIAA0460/RPRD2
ZNF557,ZNF557
WDR13,WDR13
HTATSF1,HTATSF1
AFF1,AF4/AFF1/FEL/MLLT2/PBM1
FOXL2,FOXL2
GTF2H1,BTF2/GTF2H1
NUP43,NUP43
GPKOW,GPATC5/GPATCH5/GPKOW/T54
EIF2S1,EIF2A/EIF2S1
SFMBT2,KIAA1617/SFMBT2
GTF2E1,GTF2E1/TF2E1
RPS7,RPS7
DBI,DBI
SF3A1,SAP114/SF3A1
RPS17,RPS17/RPS17L
GBX2,GBX2
ZNF346,hCG_41584/JAZ/ZNF346
ERCC3,ERCC3/XPB/XPBC
ZNF689,ZNF689
PPP1R12A,MBS/MYPT1/PPP1R12A
EMG1,C2F/EMG1
U2AF2,U2AF2/U2AF65
ARL14EP,ARF7EP/ARL14EP/C11orf46
PRDM11,PFM8/PRDM11
FAM98B,FAM98B
PSMB2,PSMB2
SSBP1,SSBP/SSBP1
MARK2,EMK1/MARK2
ZNHIT6,BCD1/C1orf181/ZNHIT6
MNT,BHLHD3/MNT/ROX
GTPBP2,GTPBP2
REST,hCG_1746842/NRSF/REST/XBR
HMG20A,HMG20A/HMGX1/HMGXB1
GAGE1,GAGE1
SRSF1,ASF/hCG_1774411/OK/SW-cl.3/SF2/SF2P33/SFRS1/SRSF1
ZNF618,KIAA1952/ZNF618
PRPF40A,FBP11/FLAF1/FNBP3/HIP10/HSPC225/HYPA/PRPF40A
HNRNPLL,BLOCK24/hCG_15881/HNRNPLL/HNRPLL/SRRF
ZIC3,ZIC3/ZNF203
VCP,VCP
DDX23,DDX23
BLZF1,BLZF1/JEM1
CALR,CALR/CRTC
AHCY,AHCY/SAHH
LGALS1,LGALS1
WDR33,WDC146/WDR33
NACC1,BTBD14B/NAC1/NACC1
HIST1H2BN,H2BFD/hCG_1743059/HIST1H2BN
GALNT2,GALNT2
CPSF6,CFIM68/CPSF6
PIGS,PIGS/UNQ1873/PRO4316
B2M,2-microglobulin/B2M/beta/CDABP0092/hCG_1786707/HDCMA22P
MAN1B1,MAN1B1/UNQ747/PRO1477
RPN1,RPN1
MSANTD4,DC25/KIAA1826/MSANTD4
UBB,UBB
CAMSAP2,CAMSAP1L1/CAMSAP2/KIAA1078
CELF1,BRUNOL2/CELF1/CUGBP/CUGBP1/hCG_25183/NAB50
KRT18,CYK18/KRT18/PIG46
TMEM109,TMEM109
SERPINH1,CBP1/CBP2/HSP47/PIG14/SERPINH1/SERPINH2
TMED10,TMED10/TMP21
ATP5O,ATP5O/ATPO
CALU,CALU
AFAP1,AFAP/AFAP1
NSA2,HUSSY-29/NSA2/TINP1
GSTM3,GST5/GSTM3
ZNF184,ZNF184
MLLT1,ENL/LTG19/MLLT1/YEATS1
RRP8,hucep-1/KIAA0409/NML/RRP8
NOC3L,AD24/C10orf117/FAD24/NOC3L
RPL3,ASC-1/hCG_2015191/OK/SW-cl.32/RPL3
ZNF888,ZNF888
PPM1D,PPM1D/WIP1
DHX16,DBP2/DDX16/DHX16/hCG_26008/KIAA0577/PRP2
SRRM1,SRM160/SRRM1
GTF2F2,GTF2F2/RAP30
ZNF331,RITA/ZNF331/ZNF361/ZNF463
JADE2,hCG_16590/JADE2/KIAA0239/PHF15
CRIP1,CRIP/CRIP1/CRP1
BRD4,BRD4/hCG_2000917/HUNK1
CHD6,CHD5/CHD6/KIAA1335/RIGB
MMTAG2,C1orf35/MMTAG2
ZNF592,hCG_1991191/KIAA0211/ZNF592
ZNF616,ZNF616
FAM76A,FAM76A
ZNF587B,ZNF587B
KANSL1,CENP-36/KANSL1/KIAA1267/MSL1V1/NSL1
MCPH1,MCPH1
TSEN54,SEN54/TSEN54
LSM11,LSM11
OXSR1,KIAA1101/OSR1/OXSR1
NGDN,C14orf120/NGDN
ZNF275,ZNF275
E2F7,E2F7
RPS13,RPS13
DCUN1D4,DCUN1D4/hCG_21420/KIAA0276
ZNF613,ZNF613
FLYWCH2,FLYWCH2
ZNF605,ZNF605
WDR55,hCG_1782892/WDR55
ZBTB17,MIZ1/ZBTB17/ZNF151/ZNF60
LIMA1,EPLIN/LIMA1/PP624/SREBP3
ZNF324,ZNF324/ZNF324A
ZC3H4,C19orf7/KIAA1064/ZC3H4
UTP14A,SDCCAG16/UTP14A
RFXAP,RFXAP
ZNF16,HZF1/KOX9/ZNF16
ZNF227,ZNF227
CWC15,AD-002/C11orf5/CWC15/HSPC148
PAGR1,C16orf53/PA1/PAGR1
OXCT1,OXCT/OXCT1/SCOT
RBM17,RBM17/SPF45
ATP5F1B,ATP5B/ATP5F1B/ATPMB/ATPSB
GPATCH8,GPATC8/GPATCH8/KIAA0553
TRMT6,CGI-09/KIAA1153/TRM6/TRMT6
PRCC,PRCC/TPRC
ZFP90,KIAA1954/ZFP90/ZNF756
SGO1,SGO1/SGOL1
PFN1,hCG_32691/PFN1
C2orf49,C2orf49
KIF23,KIF23/KNSL5/MKLP1
PPP1R2,IPP2/PPP1R2
HNRNPK,HNRNPK/HNRPK
PKN2,hCG_23733/PKN2/PRK2/PRKCL2
CDC27,ANAPC3/CDC27/D0S1430E/D17S978E/hCG_1993274
FIGNL1,FIGNL1
BOP1,BOP1/KIAA0124
NFIB,hCG_1742080/NFIB
FKBP2,FKBP13/FKBP2
PAK2,PAK2
LIN54,CXCDC1/KIAA2037/LIN54
BCL7B,BCL7B/hCG_18986
CHAF1B,CAF1A/CAF1P60/CHAF1B/MPHOSPH7/MPP7
NSMCE3,HCA4/MAGEG1/NDNL2/NSMCE3
MOB1A,C2orf6/MOB1A/MOB4B/MOBK1B/MOBKL1B
LHX2,LH2/LHX2
PHF21A,BHC80/BM-006/KIAA1696/PHF21A
SUZ12,CHET9/JJAZ1/KIAA0160/SUZ12
CIAPIN1,CIAPIN1/CUA001/PRO0915
KDM4B,JHDM3B/JMJD2B/KDM4B/KIAA0876
LEMD3,LEMD3/MAN1
CDC37,CDC37/CDC37A
APEX2,APE2/APEX2/APEXL2/XTH2
SERF1A,/FAM2A/FAM2B/SERF1/SERF1A/SERF1B/SMAM1
ZFAT,KIAA1485/ZFAT/ZFAT1/ZNF406
FAM172A,C5orf21/FAM172A
HIST1H1B,H1F5/HIST1H1B
NDC80,HEC/HEC1/KNTC2/NDC80
DDX39B,BAT1/DDX39B/UAP56
ZNF473,KIAA1141/ZFP100/ZNF473
ZNF655,VIK/ZNF655
NUDT21,CFIM25/CPSF25/CPSF5/NUDT21
RPL34,RPL34
NCOA7,ERAP140/ESNA1/Nbla00052/Nbla10993/NCOA7
RBM26,C13orf10/PRO1777/RBM26
PLK1,PLK/PLK1
RPL36A,GIG15/MIG6/RPL36A/RPL44
FOXO1,FKHR/FOXO1/FOXO1A
SMTN,SMSMO/SMTN
ZNF8,ZNF8
RPS8,OK/SW-cl.83/RPS8
THRB,ERBA2/NR1A2/THR1/THRB
ZSCAN26,hCG_31430/ZNF187/ZSCAN26
HDAC2,HDAC2
MAPRE2,MAPRE2/RP1
MYBL2,BMYB/MYBL2
BRD8,BRD8/SMAP/SMAP2
METTL3,METTL3/MTA70
EIF3C,EIF3C/EIF3S8
FOXJ2,FHX/FOXJ2
INTS6,DBI1/DDX26/DDX26A/hCG_29123/INTS6
MARK1,hCG_25120/KIAA1477/MARK/MARK1
UBE2Q1,NICE5/PRO3094/UBE2Q/UBE2Q1
ERCC4,ERCC11/ERCC4/XPF
NET1,ARHGEF8/NET1
TRPT1,TRPT1
PA2G4,EBP1/PA2G4
SFR1,C10orf78/MEI5/MEIR5/SFR1
SNRPA1,hCG_1992004/SNRPA1
NFIL3,E4BP4/IL3BP1/NFIL3
CTDP1,CTDP1/FCP1
RCOR2,RCOR2
FARSA,FARS/FARSA/FARSL/FARSLA
ESF1,ABTAP/C20orf6/ESF1/HDCMC28P
PNP,NP/PNP
SNRNP27,SNRNP27
RPL38,RPL38
BAIAP2L1,BAIAP2L1/IRTKS
SON,C21orf50/DBP5/HSPC310/HSPC312/KIAA1019/NREBP/SON
STIP1,STIP1
TRMT1,TRMT1
ADAR,ADAR/ADAR1/DSRAD/G1P1/IFI4
CDV3,CDV3/H41
FAM117B,ALS2CR13/FAM117B
ATXN7L2,ATXN7L2
SMAD3,MADH3/SMAD3
HMG20B,BRAF35/HMG20B/HMGX2/HMGXB2/SMARCE1R
NKRF,ITBA4/NKRF/NRF
RTCB,C22orf28/HSPC117/RTCB
CEBPD,CEBPD
PRR15,PRR15
TDG,TDG
PHPT1,CGI-202/HSPC141/PHP14/PHPT1
RASGRF2,GRF2/RASGRF2
CMPK1,CMK/CMPK/CMPK1/UCK/UMK/UMPK
ZNF589,SZF1/ZNF589
BRWD3,BRWD3
ANK2,ANK2/ANKB
KNSTRN,C15orf23/hCG_38973/HSD11/KNSTRN/SKAP/TRAF4AF1
RAD54L,RAD54A/RAD54L
WDR45,hCG_1986580/JM5/WDR45/WDRX1/WDRXI4/WIPI4
RSU1,RSP1/RSU1
DDX49,DDX49/hCG_38576
ERICH1,ERICH1/HSPC319
C12orf43,C12orf43/hCG_27365
NUP133,NUP133
ZSCAN22,HKR2/ZNF50/ZSCAN22
ANXA11,ANX11/ANXA11
ABCF2,ABCF2/HUSSY-18
NOM1,C7orf3/NOM1
ARL2BP,ARL2BP/BART/BART1
FANCB,FANCB
METTL16,METT10D/METTL16
TOM1L1,hCG_32771/SRCASM/TOM1L1
C6orf223,C6orf223/hCG_2001645/MGC45491
ZNF721,KIAA1982/ZNF721
NRIP1,NRIP1
MOB1B,MOB1B/MOB4A/MOBKL1A
FAM169A,FAM169A/KIAA0888
CASP7,CASP7/MCH3
GTF3A,GTF3A
SIRT7,SIR2L7/SIRT7
ZCCHC17,HSPC243/HSPC251/LDC4/PS1D/ZCCHC17
MBD3,hCG_22692/MBD3
ZNF326,hCG_22859/ZIRD/ZNF326
CACYBP,CACYBP/PNAS-107/S100A6BP/SIP
GPI,GPI
ZNF3,KOX25/ZNF3
YWHAG,YWHAG
NUPL2,CG1/NUPL2
NAPA,NAPA/SNAPA
C9orf85,C9orf85
MAFK,MAFK
PTEN,MMAC1/PTEN/TEP1
LYAR,LYAR/PNAS-5
ZNF446,ZKSCAN20/ZNF446
RPL10,DXS648E/QM/RPL10
EIF1,EIF1/SUI1
TAF8,TAF8/TAFII43/TBN
DCAF1,DCAF1/KIAA0800/RIP/VPRBP
NCOA6,AIB3/KIAA0181/NCOA6/RAP250/TRBP
CCDC71L,C7orf74/CCDC71L
THOC5,C22orf19/KIAA0983/THOC5
FAM104A,FAM104A
ARPP19,ARPP19
PCBP2,PCBP2
UBE2M,UBC12/UBE2M
AKAP8L,AKAP8L/hCG_36782/HRIHFB2018/NAKAP/NAKAP95
SMN1,/SMN/SMN1/SMN2/SMNC/SMNT
AJUBA,AJUBA/JUB
PDE3A,PDE3A
MIF,GLIF/MIF/MMIF
NEMF,NEMF/SDCCAG1
YY1AP1,DKFZp686J14104/HCCA2/YY1AP/YY1AP1
LIN9,BARA/LIN9/TGS
PLIN3,M6PRBP1/PLIN3/TIP47
PDLIM1,CLIM1/CLP36/PDLIM1
KDM3A,JHDM2A/JMJD1/JMJD1A/KDM3A/KIAA0742/TSGA
EIF5B,EIF5B/IF2/KIAA0741
PRPF18,HPRP18/PRPF18
PYGL,PYGL
RBBP5,RBBP5/RBQ3
RPP25,RPP25
RIOX2,MDIG/MINA/MINA53/NO52/RIOX2
ZMYM5,HSPC050/ZMYM5/ZNF198L1/ZNF237
CHCHD2,AAG10/C7orf17/CHCHD2
ARPC5,ARC16/ARPC5
ZNF267,ZNF267
ANXA1,ANX1/ANXA1/LPC1
EIF1AX,EIF1A/EIF1AX/EIF4C
TWISTNB,TWISTNB
USP49,USP49
EYA4,EYA4
RBM25,RBM25/RNPC7
AGFG1,AGFG1/HRB/RAB/RIP
LDHA,LDHA/PIG19
UTP20,DRIM/UTP20
NCBP1,CBP80/NCBP/NCBP1
ZDBF2,KIAA1571/ZDBF2
DEPDC1,DEPDC1/DEPDC1A
ESS2,DGCR13/DGCR14/DGSH/DGSI/ES2/ESS2
PPP2R5C,KIAA0044/PPP2R5C
PACS1,KIAA1175/PACS1
STRAP,MAWD/STRAP/UNRIP
NCBP2,CBP20/hCG_40296/NCBP2/PIG55
CIZ1,CIZ1/LSFR1/NP94/ZNF356
ELF4,ELF4/ELFR/MEF
HADHA,HADH/HADHA
RSL24D1,C15orf15/My024/RPL24L/RSL24D1
RPA3,hCG_17407/REPA3/RPA14/RPA3
ZKSCAN1,KOX18/ZKSCAN1/ZNF139/ZNF36
NOL9,NOL9
HBP1,HBP1
ASPSCR1,ASPL/ASPSCR1/RCC17/TUG/UBXD9/UBXN9
ING5,ING5
SPART,KIAA0610/SPART/SPG20/TAHCCP1
CEP350,CAP350/CEP350/GM133/KIAA0480
TBCA,TBCA
MCM3AP,GANP/KIAA0572/MAP80/MCM3AP
TARDBP,hCG_2005583/TARDBP/TDP43
ZNF385A,HZF/RZF/ZNF385/ZNF385A
EIF3D,EIF3D/EIF3S7
UBA1,A1S9T/UBA1/UBE1
CWF19L2,CWF19L2
CDC14B,CDC14B
MDH1,MDH1/MDHA
SMC5,KIAA0594/SMC5/SMC5L1
RANBP2,NUP358/RANBP2
BHLHE40,BHLHB2/BHLHE40/DEC1/SHARP2/STRA13
NEPRO,C3orf17/NEPRO
PAXX,C9orf142/PAXX/XLS
CCT5,CCT5/CCTE/KIAA0098
TBX1,TBX1
SRRT,ARS2/ASR2/SRRT
RPS27,MPS1/RPS27
UQCRC1,UQCRC1
RPL7L1,RPL7L1
KATNA1,KATNA1
ZNF696,ZNF696
INPP5J,INPP5J/PIB5PA/PIPP
DSN1,C20orf172/DSN1/MIS13
EEF2,EEF2/EF2
RPS16,hCG_43353/RPS16
SFMBT1,RU1/SFMBT1
EGR1,EGR1/KROX24/ZNF225
TPD52L2,TPD52L2
NAV2,HELAD1/KIAA1419/NAV2/POMFIL2/RAINB1/STEERIN2
SWI5,C9orf119/SAE3/SWI5
TRMT1L,C1orf25/MSTP070/TRM1L/TRMT1L
CAVIN3,CAVIN3/PRKCDBP/SRBC
GMNN,GMNN
SFSWAP,SFRS8/SFSWAP/SWAP
MYSM1,KIAA1915/MYSM1
SPECC1L,CYTSA/KIAA0376/SPECC1L
PHF23,hCG_42023/PHF23
ZXDC,ZXDC/ZXDL
KRT80,KB20/KRT80
ATXN7,ATXN7/hCG_22237/SCA7
POLD4,POLD4/POLDS
LDLRAP1,ARH/LDLRAP1
RPL22,hCG_2009685/RPL22
CSNK1A1,CSNK1A1
RPL27,RPL27
AK4,AK3/AK3L1/AK4/hCG_2031840
SMG1,ATX/KIAA0421/LIP/SMG1
NKAPD1,C11orf57/NKAPD1
S100A4,CAPL/MTS1/S100A4
TCEA3,TCEA3/TFIISH
CYCS,CYC/CYCS
ZNF19,KOX12/ZNF19
SOX7,SOX7
MDH2,hCG_1818102/MDH2
SRPRA,SRPR/SRPRA
ZNF414,ZNF414
MTUS1,ATBP/ATIP/GK1/KIAA1288/MTSG1/MTUS1
TNKS,PARP5A/PARPL/TIN1/TINF1/TNKS/TNKS1
ZNF623,hCG_31704/KIAA0628/ZNF623
SLU7,SLU7
TTC33,TTC33
NRDE2,C14orf102/NRDE2
NSFL1C,NSFL1C/UBXN2C
EPB41L4B,EHM2/EPB41L4B/LULU2
ANP32B,ANP32B/APRIL/PHAPI2
FAM83A,FAM83A/TSGP
GADD45GIP1,GADD45GIP1/MRPL59/PLINP1/PRG6
LIMK2,LIMK2
KDELC2,KDELC2/UNQ1904/PRO4350
GIGYF2,GIGYF2/KIAA0642/PERQ2/TNRC15
NSMCE4A,C10orf86/NSMCE4A/PP4762
RBM42,RBM42
PIN4,PIN4
ZMYM3,DXS6673E/KIAA0385/ZMYM3/ZNF261
ZNF484,ZNF484
HOXA5,HOX1C/HOXA5
CTTN,CTTN/EMS1
FLNB,FLN1L/FLN3/FLNB/TABP/TAP
MEOX1,MEOX1/MOX1
ZNF175,hCG_91953/ZNF175
KDM4D,JHDM3D/JMJD2D/KDM4D
AATF,AATF/CHE1/DED/HSPC277
RPS12,RPS12
NABP1,NABP1/OBFC2A/SSB2
RBAK,RBAK/ZNF769
HMMR,HMMR/IHABP/RHAMM
IPO11,IPO11/RANBP11
STK19,G11/RP1/STK19
PMP2,PMP2
H2AFJ,H2AFJ
TRAFD1,FLN29/TRAFD1
EPC2,EPC2
DHX9,DDX9/DHX9/LKP/NDH2
HSP90AA1,HSP90A/HSP90AA1/HSPC1/HSPCA
HSPA8,HSC70/HSP73/HSPA10/HSPA8
YBX3,CSDA/DBPA/YBX3
HOXD13,HOX4I/HOXD13
DKC1,DKC1/NOLA4
MAP2K3,MAP2K3/MEK3/MKK3/PRKMK3/SKK2
SNRPD1,SNRPD1
HOXC10,HOX3I/HOXC10
TAF2,CIF150/TAF2/TAF2B
MAFF,MAFF
SYMPK,SPK/SYMPK
ZNF593,ZNF593/ZT86
GAR1,GAR1/NOLA1
WTAP,hCG_34028/KIAA0105/WTAP
G3BP2,G3BP2/KIAA0660
CECR2,CECR2/KIAA1740
PARG,PARG
ZFX,ZFX
PARP12,hCG_1811077/PARP12/ZC3HDC1
PROSER2,C10orf47/hCG_1644926/PROSER2
HIST1H2BH,H2BFJ/HIST1H2BH
PTPRG,PTPG/PTPRG
SPEF2,KIAA1770/KPL2/SPEF2
GOLIM4,GIMPC/GOLIM4/GOLPH4/GPP130
HIST1H2AC,H2AFL/HIST1H2AC
GPC1,GPC1
PTPRF,LAR/PTPRF
B4GALT1,B4GALT1/GGTB2
CD55,CD55/CR/DAF/hCG_22206
ICAM1,ICAM1
MAN2A1,MAN2A1/MANA2
CHST13,CHST13
MCAM,MCAM/MUC18
CSF2RA,CSF2R/CSF2RA/CSF2RY
VASN,SLITL2/UNQ314/PRO357/PRO1282/VASN
HEG1,HEG1/KIAA1237
PLAU,PLAU
PEX3,PEX3
APPL1,APPL/APPL1/DIP13A/KIAA1428
ASCC3,ASCC3/HELIC1
CD59,CD59/MIC11/MIN1/MIN2/MIN3/MSK21
IGSF8,CD81P3/EWI2/IGSF8/KCT4
B3GAT3,B3GAT3/hCG_16017
PARP14,BAL2/KIAA1268/PARP14
HS2ST1,HS2ST/HS2ST1/KIAA0448
PLAUR,MO3/PLAUR/UPAR
GLG1,CFR1/ESL1/GLG1/hCG_1980142/MG160
SLC39A10,KIAA1265/SLC39A10/ZIP10
ERLEC1,C2orf30/ERLEC1/UNQ1878/PRO4321/XTP3TPB
PTPRS,PTPRS
MANEAL,MANEAL
SLC39A6,LIV1/SLC39A6/ZIP6
AGRN,AGRIN/AGRN
PON2,hCG_1640820/PON2
COLGALT1,COLGALT1/GLT25D1/PSEC0241
ROR2,hCG_1985325/NTRKR2/ROR2
EMC1,EMC1/KIAA0090/PSEC0263
EFNA1,EFNA1/EPLG1/LERK1/TNFAIP4
CNOT1,AD-005/CDC39/CNOT1/KIAA1007/NOT1
DSG2,CDHF5/DSG2
TMTC3,TMTC3
GOLM1,C9orf155/GOLM1/GOLPH2/PSEC0242/UNQ686/PRO1326
LGALS3BP,LGALS3BP/M2BP
PARD3,PAR3/PAR3A/PARD3
SIL1,SIL1/UNQ545/PRO836
RRAS,RRAS
AP1G1,ADTG/AP1G1/CLAPG1
PLXNB1,KIAA0407/PLXN5/PLXNB1/SEP
HLA-A,HLA/HLAA/HLA-A
SDF4,CAB45/hCG_19193/PSEC0034/SDF4
KIAA2013,KIAA2013
GALK1,GALK/GALK1
DNAJC16,DNAJC16/hCG_25372/KIAA0962
CEBPZ,CBF2/CEBPZ
YBX1,NSEP1/YB1/YBX1
NUCB1,NUC/NUCB1
KIRREL1,KIRREL/KIRREL1/NEPH1
CD99L2,CD99L2/MIC2L1/UNQ1964/PRO4486
STX4,STX4/STX4A
P4HA2,P4HA2/UNQ290/PRO330
EIF4A2,DDX2B/EIF4A2/EIF4F
DTX3L,BBAP/DTX3L
UBE2L3,UBCE7/UBCH7/UBE2L3
PLOD1,LLH/PLOD/PLOD1
RAB5C,RAB5C/RABL
PLOD2,PLOD2
B4GALT4,B4GALT4/UNQ552/PRO1109
CSPG4,CSPG4/MCSP
FUT11,FUT11
PTPRK,PTPK/PTPRK
LRPAP1,A2MRAP/LRPAP1
NOCT,CCR4/CCRN4L/hCG_1735627/NOC/NOCT
RPN2,RPN2
HNRNPH1,HNRNPH1/HNRPH/HNRPH1
FLG,FLG
PFDN2,HSPC231/PFD2/PFDN2
PSMC3IP,hCG_16948/HOP2/PSMC3IP/TBPIP
E9PLD3,
RELA,NFKB3/RELA
DLG1,DLG1
EZH2,EZH2/hCG_15497/KMT6
FOS,FOS/G0S7
IQGAP1,IQGAP1/KIAA0051
LGALS3,LGALS3/MAC2
PPP2R1A,PPP2R1A
BRCA2,BRCA2/FACD/FANCD1
ASS1,ASS/ASS1
IRS2,IRS2
RAD50,RAD50
TFRC,hCG_22086/TFRC
FOXO4,AFX/AFX1/FOXO4/MLLT7
NCOA2,BHLHE75/NCOA2/SRC2/TIF2
EFNA5,EFNA5/EPLG7/LERK7
PKM,OIP3/PK2/PK3/PKM/PKM2
TRIM25,EFP/RNF147/TRIM25/ZNF147
CSGALNACT1,CHGN/CSGALNACT1/GALNACT1/UNQ656/PRO1287
SOD2,hCG_34035/SOD2
TCP1,CCT1/CCTA/TCP1
TRIB3,C20orf97/NIPK/SKIP3/TRB3/TRIB3
ZNF268,ZNF268
YWHAB,YWHAB
NME2,hCG_2001850/NM23B/NME2
HOXA11,HOX1I/HOXA11
DYNC2H1,DHC1B/DHC2/DNCH2/DYH1B/DYNC2H1/KIAA1997
KIF3B,KIAA0359/KIF3B
SDC4,SDC4
GSTO1,GSTO1/GSTTLP28
ABCB6,ABCB6/MTABC3/PRP/UMAT
ATOH8,ATH6/ATOH8/BHLHA21
DDX6,DDX6/HLR2/RCK
PFKM,PFKM/PFKX
HLA-H,HLAH/HLA-H
KIF5A,KIF5A/NKHC1
PPIB,CYPB/PPIB
LMAN1,ERGIC53/F5F8D/LMAN1
KDM7A,JHDM1D/KDM7/KDM7A/KIAA1718
ANK1,ANK/ANK1
PARN,DAN/PARN
BRD7,BP75/BRD7/CELTIX1
TAF4,TAF2C/TAF2C1/TAF4/TAF4A/TAFII130/TAFII135
RLIM,RLIM/RNF12
EIF3A,EIF3A/EIF3S10/KIAA0139
PSMA6,PROS27/PSMA6
SMG6,C17orf31/EST1A/KIAA0732/SMG6
DNAJC10,DNAJC10/ERDJ5/UNQ495/PRO1012
TUBA1A,TUBA1A/TUBA3
HYOU1,GRP170/HYOU1/ORP150
USP15,KIAA0529/USP15
USP3,USP3
POLG,MDP1/POLG/POLG1/POLGA
ANXA7,ANX7/ANXA7/OK/SW-cl.95/SNX
ZHX2,AFR1/KIAA0854/RAF/ZHX2
SLC7A5,CD98LC/hCG_1789357/LAT1/MPE16/SLC7A5
HSD17B12,HSD17B12/SDR12C1
SNU13,NHP2L1/SNU13
SDC2,HSPG1/SDC2
TINF2,hCG_38254/TIN2/TINF2
RPS2,RPS2/RPS4
PELO,CGI-17/PELO
FOXD3,FOXD3/HFH2
TWF1,PTK9/TWF1
PCBP1,PCBP1
ZNF451,COASTER/KIAA0576/KIAA1702/ZNF451
CASP10,CASP10/MCH4
B3GALT6,B3GALT6
ZC3HAV1,PRO1677/ZC3HAV1/ZC3HDC2
NUBP1,NBP/NBP1/NUBP1
KYNU,KYNU
GALNT1,GALNT1
POFUT1,FUT12/KIAA0180/POFUT1
UGGT1,GT/UGCGL1/UGGT/UGGT1/UGT1/UGTR
TRNT1,CGI-47/TRNT1
MTCL1,CCDC165/KIAA0802/MTCL1/SOGA2
PGK1,MIG10/OK/SW-cl.110/PGK1/PGKA
NABP2,LP3587/NABP2/OBFC2B/SSB1
GCC2,GCC2/KIAA0336/RANBP2L4
STEAP4,STAMP2/STEAP4/TNFAIP9
LSM14A,C19orf13/FAM61A/LSM14A/RAP55/RAP55A
ZNF202,ZKSCAN10/ZNF202
UQCRC2,hCG_18625/UQCRC2
TXNRD3,TGR/TRXR3/TXNRD3
ATRAID,APR3/ATRAID/C2orf28/HSPC013/UNQ214/PRO240
PSMB6,LMPY/PSMB6/Y
KPNA1,KPNA1/RCH2
CEP55,C10orf3/CEP55/URCC6
FBXO11,FBX11/FBXO11/PRMT9/UG063H01/VIT1
ERI1,3'EXO/ERI1/THEX1
MIER1,KIAA1610/MIER1
THAP11,HRIHFB2206/THAP11
PSMF1,PSMF1
ZNF397,hCG_1811252/ZNF397/ZNF47/ZSCAN15
CP,CP
CCNE2,CCNE2/hCG_15054
ABRAXAS2,ABRAXAS2/ABRO1/FAM175B/KIAA0157
MCM8,C20orf154/MCM8
TCERG1,CA150/hCG_38116/TAF2S/TCERG1
DARS,DARS/PIG40
PTP4A1,PRL1/PTP4A1/PTPCAAX1
GABPB1,E4TF1B/GABPB/GABPB1/GABPB2/hCG_2002404
RPL36,RPL36
APOBEC3C,APOBEC1L/APOBEC3C/PBI
MARK3,CTAK1/EMK2/hCG_25498/MARK3
PDCD11,KIAA0185/PDCD11
METTL14,KIAA1627/METTL14
NFKBIL1,IKBL/NFKBIL1
HDLBP,HBP/hCG_33048/HDLBP/VGL
PAPSS2,ATPSK2/PAPSS2
ACSS2,ACAS2/ACSS2
SRRM2,HSPC075/KIAA0324/SRL300/SRM300/SRRM2
SLC25A32,MFT/MFTC/SLC25A32
ALPI,ALPI
AMOTL1,AMOTL1
PNPO,PNPO
MLKL,MLKL
ATG4A,APG4A/ATG4A/AUTL2/hCG_21686
MESD,KIAA0081/MESD/MESDC2/MESDM/UNQ1911/PRO4369
KCTD1,C18orf5/KCTD1
NUP210,KIAA0906/NUP210/PSEC0245
DNAJC6,DNAJC6/KIAA0473
TOMM70,KIAA0719/TOM70/TOMM70/TOMM70A
PPL,KIAA0568/PPL
ICE2,BRCC1/ICE2/NARG2/UNQ3101/PRO10100
TNPO2,TNPO2
FKBP10,FKBP10/FKBP65/PSEC0056
CNPY2,CNPY2/MSAP/TMEM4/UNQ1943/PRO4426/ZSIG9
ZNF711,CMPX1/ZNF6/ZNF711
EDC4,EDC4/HEDLS
EXOSC1,CGI-108/CSL4/EXOSC1
GLCE,GLCE/KIAA0836
SUMO2,SMT3B/SMT3H2/SUMO2
TXNDC12,TLP19/TXNDC12/UNQ713/PRO1376
RERG,RERG
ERGIC3,C20orf47/CGI-54/ERGIC3/ERV46/PRO0989/RP3-477O4.12-011/SDBCAG84
RNF25,RNF25
NADK,NADK
TMEM214,PP446/TMEM214
ADARB2,ADAR3/ADARB2/RED2
TBRG1,NIAM/TBRG1
RCN1,RCN/RCN1
IPO9,HSPC273/IMP9/IPO9/KIAA1192/RANBP9
CUTC,CGI-32/CUTC/hCG_18409
UBAP2L,KIAA0144/NICE4/UBAP2L
PPIC,CYPC/PPIC
LRR1,hCG_1640043/LRR1/PPIL5
PAIP1,PAIP1
NPM3,NPM3
FAM120A,C9orf10/FAM120A/KIAA0183/OSSA
RCN2,ERC55/RCN2
CENPI,CENPI/FSHPRH1/ICEN19/LRPR1
GLIS3,GLIS3/ZNF515
TAF1D,JOSD3/TAF1D
ZNF253,BMZF1/ZNF253/ZNF411
TBC1D15,TBC1D15
RANBP6,RANBP6
YRDC,DRIP3/IRIP/YRDC
FRMD4B,FRMD4B/GRSP1/KIAA1013
ENGASE,ENGASE
DDA1,C19orf58/DDA1/PCIA1
PLEKHA4,PEPP1/PLEKHA4
AVEN,AVEN
MBD6,KIAA1887/MBD6
TDRP,C8orf42/TDRP
SELENOF,SELENOF/SEP15
GKAP1,FKSG21/GKAP1/GKAP42
SCAF4,KIAA1172/SCAF4/SFRS15
R3HCC1L,C10orf28/GIDRP88/R3HCC1L
ZNF311,ZFP31/ZNF311
HOXD11,HOX4F/HOXD11
SSBP4,SSBP4
ZNF761,KIAA2033/ZNF761
GLI4,GLI4/HKR4
GLT8D1,AD-017/GALA4A/GLT8D1/MSTP137/UNQ572/PRO1134
ZNF786,ZNF786
ZNF497,ZNF497
ZNF691,ZNF691
RHOBTB1,KIAA0740/RHOBTB1
TUBE1,TUBE/TUBE1
GLOD4,C17orf25/CGI-150/GLOD4/My027
RPUSD2,C15orf19/RPUSD2
CMSS1,C3orf26/CMSS1
ZNF839,C14orf131/ZNF839
LZIC,LZIC
CCDC130,CCDC130/SB115
CCDC94,CCDC94
CT45A3,CT45-3/CT45-4/CT45A3/CT45A4
ZSWIM9,C19orf68/ZSWIM9
RNF219,C13orf7/RNF219
KIAA1211,KIAA1211
LBHD1,C11orf48/LBHD1
CT45A10,CT45A10
ATP5PO,ATP5PO
RTF2,RTF2
TENT4B,TENT4B
YJU2,YJU2
A8MZ25,
HNRNPA1P48,HNRNPA1P48
H3Y,H3Y
